{
  "T": 1.317126038982554,
  "prior_shift": 4.59511985013459
}