{
  "T": 1.32461743928526,
  "prior_shift": 4.59511985013459
}