{
  "T": 1.383949807190021,
  "prior_shift": 4.59511985013459
}