{
  "T": 1.3900821043544773,
  "prior_shift": 4.59511985013459
}